<Apps>
  <Module name="Windows Package Manager (v1.2.3411 Preview)">
    <Categories>	
		<Category name="*Essentials">	
				<App id="7zip.7zip" name="7-Zip"/>
				<App id="BleachBit.BleachBit" name="BleachBit"/>
				<App id="Discord.Discord" name="Discord"/>
				<App id="IrfanSkiljan.IrfanView" name="IrfanView"/>
				<App id="Mozilla.Firefox" name="Mozilla Firefox"/>
				<App id="Notepad++.Notepad++" name="Notepad++"/>
				<App id="ShareX.ShareX" name="ShareX"/>
				<App id="SumatraPDF.SumatraPDF" name="SumatraPDF"/>
			    	<App id="VideoLAN.VLC" name="VLC MediaPlayer"/>
			</Category>
		<Category name="Best apps for Windows 11">	
				<App id="Microsoft.PowerToys" name="PowerToys"/>
				<App id="StartIsBack.StartAllBack" name="StartAllBack"/>
				<App
					id="9N4P75DXL6FG"
					name="WSATools"
					description="APK installer for Windows Subsystem for Android."
				/>
				<App id="SomePythonThings.ElevenClock" name="ElevenClock"/>	
				<App
					id="9nghp3dx8hdx"
					name="Files"
					description="A file manager for Windows with a powerful yet intuitive design."
				/>				
			</Category>
	
		 <Category name="Browsers">
				<App id="BraveSoftware.BraveBrowser" name="Brave Browser"/>
				<App id="Mozilla.Firefox" name="Mozilla Firefox"/>
				<App id="Google.Chrome" name="Google Chrome"/>
				<App id="Opera.Opera" name="Opera"/>
				<App id="VivaldiTechnologies.Vivaldi" name="Vivaldi"/>
			</Category>
			
			 <Category name="Communication">
				<App id="Microsoft.Skype" name="Sykpe"/>
				<App id="Microsoft.Teams" name="Microsoft Teams"/>
				<App id="SlackTechnologies.Slack" name="Slack"/>
			</Category>
			
			 <Category name="Developers">
				<App id="Git.Git" name="Git"/>
 				<App id="GitHub.cli" name="Git CLI"/>
           		<App id="GitHub.GitHubDesktop" name="GitHub Desktop"/>
				<App id="Notepad++.Notepad++" name="Notepad++"/>
				<App id="Microsoft.VisualStudioCode" name="Visual Studio Code"/>
				<App id="Microsoft.WindowsTerminal" name="Windows Terminal"/>
			</Category>
			
			<Category name="Entertainment">
				<App id="Audacity.Audacity" name="Audacity"/>
				<App id="XBMCFoundation.Kodi" name="Kodi"/>
				<App id="VideoLAN.VLC" name="VLC MediaPlayer"/>
 				<App
					id="yt-dlg.yt-dlg"
					name="yt-dlg"
					description="A cross platform front-end GUI of the popular youtube-dl written in wxPython."
				/>
			</Category>

			<Category name="File Archivers">
				<App id="7zip.7zip" name="7-Zip"/>
				<App id="Bandisoft.Bandizip" name="Bandizip"/>
				<App id="M2Team.NanaZip" name="Nanazip"/>
				<App id="RARLab.WinRAR" name="WinRar"/>
			</Category>
			
			 <Category name="Frameworks">
				<App id="Microsoft.dotNetFramework" name="Microsoft .NET Framework"/>
				<App id="Oracle.JavaRuntimeEnvironment" name="Java Runtime Environment"/>
			</Category>
			
			<Category name="Gaming">
				<App id="TeamSpeakSystems.TeamSpeakClient" name="TeamSpeakClient"/>
				<App id="Valve.Steam" name="Steam"/>
			</Category>
			
			 <Category name="Mail Clients">
				<App id="Mozilla.Thunderbird" name="Mozilla Thunderbird"/>
			</Category>
			
			<Category name="Network">
				<App id="qBittorrent.qBittorrent" name="qBittorrent"/>
				<App id="TimKosse.FileZillaClient" name="FileZilla"/>
				<App id="Tonec.InternetDownloadManager" name="Internet Download Manager"/>
				<App id="WinSCP.WinSCP" name="WinSCP"/>
				<App id="WiresharkFoundation.Wireshark" name="Wireshark"/>
			</Category>
				
			<Category name="PDF reader">
				<App id="Adobe.AdobeAcrobatReaderDC" name="Adobe Acrobat Reader DC"/>
				<App id="SumatraPDF.SumatraPDF" name="SumataraPDF"/>
			</Category>
			
			<Category name="Photo">
				<App id="IrfanSkiljan.IrfanView" name="IrfanView"/>
				<App id="GIMP.GIMP" name="GIMP"/>
				<App id="picpick.picpick" name="PicPick"/>
				<App id="ShareX.ShareX" name="ShareX"/>
			</Category>

			<Category name="Productivity">
				<App id="calibre.calibre" name="Calibre"/>
				<App id="flux.flux" name="flux"/>
				<App id="Oracle.VirtualBox" name="VirtualBox"/>
				<App id="voidtools.EverythingLite" name="Everything Lite"/>
				<App id="PuTTY.PuTTY" name="Putty"/>
			</Category>
			
			<Category name="Remote Desktop">
				<App id="AnyDeskSoftwareGmbH.AnyDesk" name="AnyDesk"/>
				<App id="TeamViewer.TeamViewer" name="TeamViewer"/>
			</Category>
			
			 <Category name="Social Media">
				<App id="Discord.Discord" name="Discord"/>
				<App id="MehediHassan.Tweeten" name="Tweeten"/>
				<App id="Twitch.Twitch" name="Twitch"/>
				<App id="Telegram.TelegramDesktop" name="Telegram"/>
			</Category>

			 <Category name="School">
				<App id="LibreOffice.LibreOffice" name="LibreOffice"/>
				<App id="Zoom.Zoom" name="Zoom"/>
			</Category>

			 <Category name="Security">
				<App id="DominikReichl.KeePass" name="KeePass"/>
				<App id="Malwarebytes.Malwarebytes" name="Malwarebytes" />
			</Category>

			 <Category name="System">
				<App id="BleachBit.BleachBit" name="BleachBit"/>
				<App id="Microsoft.PowerToys" name="PowerToys"/>
				<App id="PDFsam.PDFsam" name="PDFsam"/>
				<App id="Piriform.CCleaner" name="CCleaner"/>
				<App id="Piriform.Defraggler" name="Defraggler"/>
				<App id="Piriform.Recuva" name="Recuva"/>
				<App id="Rufus.Rufus" name="Rufus"/>
				<App id="StartIsBack.StartAllBack" name="StartAllBack"/>
			</Category>
		</Categories>
	</Module>
</Apps>